[{"cluster": 0, "y": -122.2603537, "x": 37.8754914, "weight": 4.0, "name": "Hummingbird Cafe"}, {"cluster": 1, "y": -122.2663047, "x": 37.8705337, "weight": 3.0, "name": "La Cascada Taqueria"}, {"cluster": 0, "y": -122.2602072, "x": 37.8752855, "weight": 5.0, "name": "Urbann Turbann"}, {"cluster": 0, "y": -122.2601952, "x": 37.8754083, "weight": 4.5, "name": "Nefeli Caffe"}, {"cluster": 1, "y": -122.2658652, "x": 37.8703067, "weight": 4.0, "name": "Suya African Caribbean Grill"}, {"cluster": 1, "y": -122.2658691, "x": 37.8701853, "weight": 1.5, "name": "The Sunny Side Caf\u00e9"}, {"cluster": 0, "y": -122.2598373, "x": 37.87524, "weight": 3.5, "name": "Gomnaru Restaurant"}, {"cluster": 1, "y": -122.2666688, "x": 37.8704977, "weight": 4.0, "name": "Cafe Rio"}, {"cluster": 1, "y": -122.266645, "x": 37.8701999, "weight": 2.0, "name": "Alborz"}, {"cluster": 0, "y": -122.2597581, "x": 37.8752015, "weight": 3.5, "name": "Camille"}, {"cluster": 0, "y": -122.2597386, "x": 37.8752327, "weight": 1.0, "name": "Top Dog 2"}, {"cluster": 1, "y": -122.2664781, "x": 37.8705095, "weight": 3.5, "name": "C U Sushi"}, {"cluster": 1, "y": -122.2659014, "x": 37.8702006, "weight": 5.0, "name": "Cinnaholic"}, {"cluster": 0, "y": -122.2601962, "x": 37.8752289, "weight": 1.0, "name": "Northside Cafe"}, {"cluster": 1, "y": -122.2659885, "x": 37.8698214, "weight": 1.5, "name": "Saturn Cafe"}, {"cluster": 0, "y": -122.2602981, "x": 37.8759615, "weight": 4.0, "name": "Jasmine Thai"}, {"cluster": 0, "y": -122.2603641, "x": 37.8755322, "weight": 4.0, "name": "La Val's Pizza"}, {"cluster": 0, "y": -122.2601606, "x": 37.8752481, "weight": 1.5, "name": "Zach's Snacks"}, {"cluster": 1, "y": -122.26602, "x": 37.869348, "weight": 4.5, "name": "Gather"}, {"cluster": 0, "y": -122.259984, "x": 37.8755809, "weight": 1.5, "name": "Celia's"}, {"cluster": 0, "y": -122.2598181, "x": 37.8751965, "weight": 4.5, "name": "Momo Masala"}]